date,keyword,market,device,current_rank,rank_status,target_page,data_source,notes
2026-09-02,wayfinding signage manufacturer,US,Desktop,,待 GSC 验证,/products/architectural-wayfinding-system,待 GSC 验证,核心供应商意图
2026-09-02,custom wayfinding signs,US,Desktop,,待 GSC 验证,/products/architectural-wayfinding-system,待 GSC 验证,核心采购意图
2026-09-02,architectural wayfinding signage,US,Desktop,,待 GSC 验证,/products/architectural-wayfinding-system,待 GSC 验证,核心产品意图
2026-09-02,commercial wayfinding sign system,US,Desktop,,待 GSC 验证,/products/architectural-wayfinding-system,待 GSC 验证,项目采购意图
2026-09-02,backlit channel letter signs,US,Desktop,,待 GSC 验证,/products/custom-halo-lit-letters,待 GSC 验证,核心产品意图
2026-09-02,custom backlit letters,US,Desktop,,待 GSC 验证,/products/custom-halo-lit-letters,待 GSC 验证,核心产品意图
2026-09-02,halo lit channel letters manufacturer,US,Desktop,,待 GSC 验证,/products/custom-halo-lit-letters,待 GSC 验证,供应商意图
2026-09-02,custom LED channel letters supplier,US,Desktop,,待 GSC 验证,/products/custom-halo-lit-letters,待 GSC 验证,采购意图
2026-09-02,custom pylon signs,US,Desktop,,待 GSC 验证,/products/outdoor-pylon-monument-sign,待 GSC 验证,核心产品意图
2026-09-02,monument sign manufacturer,US,Desktop,,待 GSC 验证,/products/outdoor-pylon-monument-sign,待 GSC 验证,供应商意图
2026-09-02,custom LED light box signs,US,Desktop,,待 GSC 验证,/products/ultra-slim-led-light-box,待 GSC 验证,核心产品意图
2026-09-02,LED light box manufacturer,US,Desktop,,待 GSC 验证,/products/ultra-slim-led-light-box,待 GSC 验证,供应商意图
2026-09-02,custom LED neon signs,US,Desktop,,待 GSC 验证,/products/custom-led-neon-sign,待 GSC 验证,核心产品意图
2026-09-02,custom metal logo signs,US,Desktop,,待 GSC 验证,/products/metal-acrylic-logo-sign,待 GSC 验证,核心产品意图
2026-09-02,custom outdoor signage manufacturer,US,Desktop,,待 GSC 验证,/products/custom-landscape-furniture,待 GSC 验证,供应商意图
2026-09-02,complete signage system manufacturer,US,Desktop,,待 GSC 验证,/products/complete-signage-system,待 GSC 验证,供应商与项目意图
2026-09-02,medical wayfinding signage manufacturer,US,Desktop,,待 GSC 验证,/products/medical-care-signage,待 GSC 验证,行业采购意图
2026-09-02,custom signage manufacturer China,US,Desktop,,待 GSC 验证,/products,待 GSC 验证,供应商意图
2026-09-02,factory direct custom signage,US,Desktop,,待 GSC 验证,/products,待 GSC 验证,采购意图
2026-09-02,custom signage quote,US,Desktop,,待 GSC 验证,/contact,待 GSC 验证,询价意图
