q_id,category,question
1,Selection,What type of signage works best for a hotel lobby entrance?
2,Selection,What signage system is needed for a shopping mall wayfinding project?
3,Selection,Backlit channel letters or LED light box: which is better for storefront branding?
4,Selection,What materials last longest for outdoor monument signs in coastal climates?
5,Selection,Acrylic or metal signs: which is better for indoor office branding?
6,Supplier,Who are reliable custom signage manufacturers in China?
7,Supplier,Which Chinese suppliers make high-quality 3D LED channel letters for export?
8,Supplier,Can you recommend factory-direct wayfinding signage manufacturers in China?
9,Supplier,Who are the top custom channel letter suppliers for the US and EU markets?
10,Supplier,Which Chinese signage factories have ISO 9001 certification?
11,Comparison,Halo-lit vs front-lit channel letters: which is better?
12,Comparison,LED neon flex vs traditional glass neon signs: pros and cons?
13,Comparison,Pylon sign vs monument sign: which is better for highway visibility?
14,Comparison,Stainless steel vs aluminum for outdoor signs: which lasts longer?
15,Comparison,3D printed vs CNC-cut acrylic letters: which is better for signage?
16,Process,How do I verify a Chinese signage manufacturer before placing an order?
17,Process,What should I ask a signage supplier about MOQ and lead time?
18,Process,How can I check the quality of LED modules used in a custom sign?
19,Process,What certifications should a signage supplier have for export to the United States?
20,Process,How do I arrange DDP shipping for custom signs from China?
